player_name,team,candidate_prediction_days,calendar_eligible_days,strict_multimodal_days,full_modality_range_days,partial_multimodal_days,positive_7d_windows,strict_positive_7d_windows,range_positive_7d_windows,partial_positive_7d_windows,median_subjective_coverage,median_training_coverage,median_objective_coverage,median_all_three_coverage
TeamB-08e35b7b-d2ad-411f-a0de-4e663f14c3c3,TeamB,76,48,0,42,48,0,0,0,0,0.9523809523809523,0.8095238095238095,0.3333333333333333,0.19047619047619047
TeamB-29c5271b-5c46-455e-91ea-da2abfa8ff3c,TeamB,484,456,0,448,398,0,0,0,0,0.42857142857142855,0.42857142857142855,0.42857142857142855,0.19047619047619047
TeamB-2f23d7d5-2326-49ce-b9c8-5a6303f785c5,TeamB,677,649,0,501,475,0,0,0,0,0.8571428571428571,0.6190476190476191,0.38095238095238093,0.2857142857142857
TeamB-4405bb1f-56f7-48ba-bfa8-e795e4006952,TeamB,673,644,0,484,480,7,0,0,0,0.8095238095238095,0.5238095238095238,0.42857142857142855,0.23809523809523808
TeamB-48bfd4ea-e9e2-45b5-befc-3383cae87fdf,TeamB,636,608,0,466,476,0,0,0,0,0.9523809523809523,0.6666666666666666,0.42857142857142855,0.42857142857142855
TeamB-4b1e23d2-4204-4e16-9991-e0490649079b,TeamB,288,260,0,217,241,0,0,0,0,0.47619047619047616,0.19047619047619047,0.5238095238095238,0.14285714285714285
TeamB-4d54416a-8e5f-42c0-8dd0-12700569908f,TeamB,674,646,0,105,117,0,0,0,0,0.0,0.0,0.0,0.0
TeamB-5a921187-19c7-8df4-8f4f-f31e78de5857,TeamB,132,104,0,100,101,0,0,0,0,0.5714285714285714,0.19047619047619047,0.42857142857142855,0.09523809523809523
TeamB-5eba590a-cecb-400f-a92e-08224c7e2e59,TeamB,307,279,0,182,213,0,0,0,0,0.5714285714285714,0.23809523809523808,0.5238095238095238,0.19047619047619047
TeamB-6d568bee-175f-4dcb-9d3a-0f3e8f35de07,TeamB,147,119,0,68,88,0,0,0,0,0.9523809523809523,0.47619047619047616,0.5238095238095238,0.42857142857142855
TeamB-70b74270-f655-43cc-a188-1ebc7a828b95,TeamB,677,649,0,496,475,0,0,0,0,0.9047619047619048,0.6190476190476191,0.38095238095238093,0.3333333333333333
TeamB-789547e7-1325-4153-a98d-5ecd497f3668,TeamB,673,645,0,498,485,0,0,0,0,0.9047619047619048,0.6190476190476191,0.42857142857142855,0.38095238095238093
TeamB-7ab47f4e-6eca-4793-880f-6a0dad3459c3,TeamB,669,640,0,256,223,7,0,7,0,0.047619047619047616,0.0,0.0,0.0
TeamB-7d41e602-eece-328b-ff7b-118e820865d6,TeamB,310,282,0,261,274,0,0,0,0,1.0,0.8571428571428571,0.47619047619047616,0.42857142857142855
TeamB-9c845827-99f9-47f4-977d-2200a107a013,TeamB,416,388,0,142,57,0,0,0,0,0.0,0.0,0.42857142857142855,0.0
TeamB-a7126274-c2d2-4f4e-9b67-35d376aefacc,TeamB,644,616,0,216,158,0,0,0,0,0.09523809523809523,0.0,0.19047619047619047,0.0
TeamB-ab5ec6e5-b0f3-401e-8dc5-aa6c5070e255,TeamB,650,622,0,433,414,0,0,0,0,0.7619047619047619,0.5714285714285714,0.3333333333333333,0.23809523809523808
TeamB-ab691983-3544-4a0e-8f70-db44d85cb907,TeamB,677,649,0,501,505,0,0,0,0,0.47619047619047616,0.5714285714285714,0.38095238095238093,0.23809523809523808
TeamB-afc13e53-2c77-48cb-8a78-743663bbb84f,TeamB,678,650,0,506,496,0,0,0,0,0.7619047619047619,0.7142857142857143,0.5238095238095238,0.38095238095238093
TeamB-d9501f3a-aaa1-4311-8b8b-3a8d3f21480f,TeamB,301,273,0,189,167,0,0,0,0,0.14285714285714285,0.09523809523809523,0.3333333333333333,0.0
TeamB-e4321aef-964a-4fdd-88bd-0bd548b0e93b,TeamB,672,644,0,505,496,0,0,0,0,0.9047619047619048,0.7142857142857143,0.38095238095238093,0.3333333333333333
TeamB-f67673c0-d467-4832-9519-55133a2647e5,TeamB,651,623,0,24,44,0,0,0,0,0.0,0.0,0.0,0.0
