feature,rows,observed,missing,observed_fraction,missing_fraction,minimum,median,mean,maximum
daily_load,11112,4573,6539,0.4115370770338373,0.5884629229661628,0.0,490.0,538.6212551935272,1920.0
atl_7d,11112,7596,3516,0.683585313174946,0.31641468682505397,40.0,525.0,546.2934768299104,1500.0
weekly_load_7d,11112,7596,3516,0.683585313174946,0.31641468682505397,40.0,2280.0,2263.728936282254,6760.0
monotony_7d,11112,6938,4174,0.6243700503959683,0.3756299496040317,0.7902958142673178,2.4003815793169645,3.0867659026026684,89.80256121069154
strain_7d,11112,6938,4174,0.6243700503959683,0.3756299496040317,277.1858582251266,5946.674675830545,7157.124717681722,114049.25273757825
ctl28,11112,8792,2320,0.7912167026637869,0.2087832973362131,40.0,8180.0,7722.260009099181,19980.0
ctl42,11112,9126,1986,0.8212742980561555,0.1787257019438445,180.0,11810.0,11055.567609029147,27890.0
acwr_7_28,11112,7596,3516,0.683585313174946,0.31641468682505397,0.13043478260869565,1.0,1.004696039811697,3.4031413612565444
subjective_missingness_7d,11112,11112,0,1.0,0.0,0.0,0.33333333333333337,0.4643767784291542,1.0
past_injury_count,11112,11112,0,1.0,0.0,0.0,0.0,0.2996760259179266,3.0
