player_name,team,first_subjective_date,last_subjective_date,active_calendar_days,days_with_any_wellness,days_with_complete_wellness,days_with_partial_wellness,days_with_no_wellness,any_wellness_coverage_fraction,complete_wellness_fraction
TeamB-08e35b7b-d2ad-411f-a0de-4e663f14c3c3,TeamB,2021-08-30,2021-11-13,76,74,74,0,2,0.9736842105263158,0.9736842105263158
TeamB-29c5271b-5c46-455e-91ea-da2abfa8ff3c,TeamB,2020-07-20,2021-11-08,477,215,214,1,262,0.45073375262054505,0.44863731656184486
TeamB-2f23d7d5-2326-49ce-b9c8-5a6303f785c5,TeamB,2020-01-09,2021-11-09,671,480,480,0,191,0.7153502235469449,0.7153502235469449
TeamB-4405bb1f-56f7-48ba-bfa8-e795e4006952,TeamB,2020-01-10,2021-10-17,647,463,458,5,184,0.7156105100463679,0.7078825347758887
TeamB-48bfd4ea-e9e2-45b5-befc-3383cae87fdf,TeamB,2020-02-17,2021-11-13,636,546,544,2,90,0.8584905660377359,0.8553459119496856
TeamB-4b1e23d2-4204-4e16-9991-e0490649079b,TeamB,2021-02-05,2021-11-09,278,124,123,1,154,0.4460431654676259,0.44244604316546765
TeamB-4d54416a-8e5f-42c0-8dd0-12700569908f,TeamB,2020-01-09,2021-11-12,674,140,140,0,534,0.20771513353115728,0.20771513353115728
TeamB-5a921187-19c7-8df4-8f4f-f31e78de5857,TeamB,2021-07-07,2021-11-15,132,72,72,0,60,0.5454545454545454,0.5454545454545454
TeamB-5eba590a-cecb-400f-a92e-08224c7e2e59,TeamB,2021-01-14,2021-10-12,272,148,146,2,124,0.5441176470588235,0.5367647058823529
TeamB-6d568bee-175f-4dcb-9d3a-0f3e8f35de07,TeamB,2021-08-08,2021-11-12,97,96,96,0,1,0.9896907216494846,0.9896907216494846
TeamB-70b74270-f655-43cc-a188-1ebc7a828b95,TeamB,2020-01-09,2021-10-31,662,522,518,4,140,0.7885196374622356,0.7824773413897281
TeamB-789547e7-1325-4153-a98d-5ecd497f3668,TeamB,2020-01-09,2021-11-11,673,547,545,2,126,0.812778603268945,0.8098068350668648
TeamB-7ab47f4e-6eca-4793-880f-6a0dad3459c3,TeamB,2020-01-22,2021-11-04,653,130,127,3,523,0.1990811638591118,0.19448698315467075
TeamB-7d41e602-eece-328b-ff7b-118e820865d6,TeamB,2021-01-12,2021-11-16,309,306,305,1,3,0.9902912621359223,0.9870550161812298
TeamB-9c845827-99f9-47f4-977d-2200a107a013,TeamB,2020-09-24,2021-03-30,188,23,23,0,165,0.12234042553191489,0.12234042553191489
TeamB-a7126274-c2d2-4f4e-9b67-35d376aefacc,TeamB,2020-01-23,2021-08-10,566,132,127,5,434,0.2332155477031802,0.22438162544169613
TeamB-ab5ec6e5-b0f3-401e-8dc5-aa6c5070e255,TeamB,2020-02-04,2021-11-04,640,416,416,0,224,0.65,0.65
TeamB-ab691983-3544-4a0e-8f70-db44d85cb907,TeamB,2020-02-20,2021-11-03,623,306,306,0,317,0.4911717495987159,0.4911717495987159
TeamB-afc13e53-2c77-48cb-8a78-743663bbb84f,TeamB,2020-01-09,2021-11-12,674,489,484,5,185,0.7255192878338279,0.7181008902077152
TeamB-d9501f3a-aaa1-4311-8b8b-3a8d3f21480f,TeamB,2021-01-17,2021-10-13,270,61,61,0,209,0.22592592592592592,0.22592592592592592
TeamB-e4321aef-964a-4fdd-88bd-0bd548b0e93b,TeamB,2020-01-14,2021-11-13,670,565,563,2,105,0.8432835820895522,0.8402985074626865
TeamB-f67673c0-d467-4832-9519-55133a2647e5,TeamB,2020-02-05,2021-11-12,647,76,76,0,571,0.11746522411128284,0.11746522411128284
