player_name,team,in_objective,in_subjective_wide,in_session_json,in_injury,exclusion_reason
TeamA-0362cdd5-7a63-480a-a46a-62a99fb1692f,TeamA,True,True,True,False,not_target_team
TeamA-12e0c8b2-bad6-40fb-1948-8dec4f65d4d9,TeamA,True,False,False,False,not_target_team;missing_subjective
TeamA-1846d424-c17c-6279-23c6-612f48268673,TeamA,True,False,False,False,not_target_team;missing_subjective
TeamA-23a7711a-8133-2876-37eb-dcd9e87a1613,TeamA,True,False,False,False,not_target_team;missing_subjective
TeamA-259f4329-e6f4-590b-9a16-4106cf6a659e,TeamA,True,False,False,False,not_target_team;missing_subjective
TeamA-2d44f941-2f24-4fc2-afa8-611a091f2e93,TeamA,True,True,True,False,not_target_team
TeamA-32fed4b3-d7fc-482d-ba21-c46c58f015b5,TeamA,True,True,True,False,not_target_team
TeamA-358603ef-b3a3-46b5-b80a-ad64e06b6592,TeamA,True,True,True,False,not_target_team
TeamA-3e5f6e2b-46b7-4890-84a9-3bbb2649af5a,TeamA,True,True,True,True,not_target_team
TeamA-4051bba7-1170-4c43-b912-8c38815a7625,TeamA,True,True,True,True,not_target_team
TeamA-4a84eb03-8d1f-d9b7-4d2b-9deb1beb3711,TeamA,True,False,False,False,not_target_team;missing_subjective
TeamA-5487ce1e-af19-922a-d9b8-a714e61a441c,TeamA,True,False,False,False,not_target_team;missing_subjective
TeamA-560cb066-a8ae-412f-b09f-0d2a6aa0cf05,TeamA,True,True,True,True,not_target_team
TeamA-5a3be598-2f51-426f-95a5-b63d1d7c1b43,TeamA,True,True,True,False,not_target_team
TeamA-5a5b135d-d146-4b4c-b3da-efcd4d203f95,TeamA,True,True,True,True,not_target_team
TeamA-5cd7a61b-88b2-46d2-94f8-5a0d4f682d93,TeamA,True,True,True,True,not_target_team
TeamA-67961019-dbb5-464b-839e-08e5896c2c42,TeamA,True,True,True,False,not_target_team
TeamA-705923a2-378f-4f8e-8a29-464837b88cdc,TeamA,True,True,True,False,not_target_team
TeamA-74afe68c-f348-414c-9754-6d6f9df12587,TeamA,True,True,True,True,not_target_team
TeamA-78f2ae2c-caf7-47eb-9e84-521f7820182e,TeamA,True,True,True,False,not_target_team
TeamA-7a0fe0d4-c3f7-4ba1-8210-2ee9354d331e,TeamA,False,True,True,False,not_target_team;missing_objective
TeamA-82a0cc6a-a398-4c89-b5fb-34bc4b53dbea,TeamA,True,True,True,True,not_target_team
TeamA-967090b2-87d4-476b-adba-56cfaf65ba87,TeamA,False,True,True,False,not_target_team;missing_objective
TeamA-af719df9-3e6c-4ad4-9e8e-0c0c45f4f76a,TeamA,True,True,True,False,not_target_team
TeamA-affd6f1d-b364-4700-98bf-8f20896e5ac4,TeamA,True,True,True,True,not_target_team
TeamA-b4862b21-fb97-d435-8856-1712e8e5216a,TeamA,True,False,False,False,not_target_team;missing_subjective
TeamA-b58af410-da77-479e-b93c-e03617b9f36d,TeamA,True,True,True,True,not_target_team
TeamA-bcc03f81-2733-45d3-abf1-f7a709c63e68,TeamA,True,True,True,True,not_target_team
TeamA-c4ccf1a6-48c3-4a17-8d6c-eedd12e8680e,TeamA,True,True,True,True,not_target_team
TeamA-c91a44bb-976c-421f-b146-f57e1e5b0846,TeamA,True,True,True,False,not_target_team
TeamA-d7299614-fa73-4f69-b5e9-f913e3154ff6,TeamA,True,True,True,False,not_target_team
TeamA-e3e70682-c209-4cac-629f-6fbed82c07cd,TeamA,True,False,False,False,not_target_team;missing_subjective
TeamA-e443df78-9558-867f-5ba9-1faf7a024204,TeamA,True,False,False,False,not_target_team;missing_subjective
TeamA-e920ae60-5c4b-4597-be27-fc6876dcec33,TeamA,True,True,True,False,not_target_team
TeamA-eb1167b3-67a9-c378-7c65-c1e582e2e662,TeamA,True,False,False,False,not_target_team;missing_subjective
TeamA-ecdbd8ec-61a7-4131-97ec-3af76f621f65,TeamA,True,True,True,False,not_target_team
TeamA-f20565cc-df22-46a7-aa97-af8ed00601d7,TeamA,True,True,True,False,not_target_team
TeamA-f728b4fa-4248-5e3a-0a5d-2f346baa9455,TeamA,True,False,False,False,not_target_team;missing_subjective
TeamA-f7c1bd87-4da5-e709-d471-3d60c8a70639,TeamA,True,False,False,False,not_target_team;missing_subjective
TeamA-fcbd04c3-4021-2ef7-cca5-a5a19e4d6e3c,TeamA,True,False,False,False,not_target_team;missing_subjective
TeamB-101fbccc-ded7-33e8-b421-eaeb534097ca,TeamB,True,False,False,False,missing_subjective
TeamB-1759edc3-72ae-2244-8b01-63c1cd9d2b7d,TeamB,True,False,False,False,missing_subjective
TeamB-17e0aa3c-0398-3ca8-ea7e-9d498c778ea6,TeamB,True,False,False,False,missing_subjective
TeamB-247a8333-f7b0-b7d2-cda8-056c3d15eef7,TeamB,True,False,False,False,missing_subjective
TeamB-38c1962e-9148-624f-eac1-c14f30e9c5cc,TeamB,True,False,False,False,missing_subjective
TeamB-552f233a-8c25-166a-1ff3-9849b4e1357d,TeamB,True,False,False,False,missing_subjective
TeamB-85776e9a-dd84-f39e-7154-5a137a1d5006,TeamB,True,False,False,False,missing_subjective
TeamB-8d723104-f773-83c1-3458-a748e9bb17bc,TeamB,True,False,False,False,missing_subjective
TeamB-a0116be5-ab0c-1681-c8f8-e3d0d3290a4c,TeamB,True,False,False,False,missing_subjective
TeamB-a3f2c9bf-9c63-16b9-50f2-44556f25e2a2,TeamB,True,False,False,False,missing_subjective
TeamB-b5d32b16-6619-4cb1-d710-37d1b83e90ec,TeamB,True,False,False,False,missing_subjective
TeamB-baf3897a-3e70-f16a-5548-5822de1b372a,TeamB,True,False,False,False,missing_subjective
TeamB-d3fbf47a-7e5b-1e7f-9ca5-499d004ae545,TeamB,True,False,False,False,missing_subjective
TeamB-e005b860-51ef-1922-fe43-c49e149818d1,TeamB,True,False,False,False,missing_subjective
TeamB-e1f63352-01cb-4688-9486-5c6f1e5cf0cd,TeamB,False,True,True,False,missing_objective
TeamB-eb2083e6-ce16-4dba-0ff1-8e0242af9fc3,TeamB,True,False,False,False,missing_subjective
