player_name,team,player_id,in_objective,in_subjective_wide,in_session_json,in_injury,in_all_core_sources,objective_only,subjective_only,objective_first_date,objective_last_date,objective_files,objective_active_days,objective_calendar_span_days,injury_records,unique_injury_dates,first_injury_date,last_injury_date,has_public_injury_history,is_target_team,include_in_deephit,exclusion_reason,objective_span_at_least_21d,injury_history_before_objective
TeamB-08e35b7b-d2ad-411f-a0de-4e663f14c3c3,TeamB,08e35b7b-d2ad-411f-a0de-4e663f14c3c3,True,True,True,False,True,False,False,2021-08-30,2021-10-30,22.0,22.0,62.0,0,0,,,False,True,True,,True,False
TeamB-29c5271b-5c46-455e-91ea-da2abfa8ff3c,TeamB,29c5271b-5c46-455e-91ea-da2abfa8ff3c,True,True,True,False,True,False,False,2020-07-28,2021-11-15,192.0,192.0,476.0,0,0,,,False,True,True,,True,False
TeamB-2f23d7d5-2326-49ce-b9c8-5a6303f785c5,TeamB,2f23d7d5-2326-49ce-b9c8-5a6303f785c5,True,True,True,False,True,False,False,2020-06-01,2021-11-15,230.0,230.0,533.0,0,0,,,False,True,True,,True,False
TeamB-4405bb1f-56f7-48ba-bfa8-e795e4006952,TeamB,4405bb1f-56f7-48ba-bfa8-e795e4006952,True,True,True,True,True,False,False,2020-06-01,2021-11-12,242.0,242.0,530.0,6,4,2020-01-26,2020-02-07,True,True,True,,True,True
TeamB-48bfd4ea-e9e2-45b5-befc-3383cae87fdf,TeamB,48bfd4ea-e9e2-45b5-befc-3383cae87fdf,True,True,True,False,True,False,False,2020-06-01,2021-09-29,226.0,226.0,486.0,0,0,,,False,True,True,,True,False
TeamB-4b1e23d2-4204-4e16-9991-e0490649079b,TeamB,4b1e23d2-4204-4e16-9991-e0490649079b,True,True,True,False,True,False,False,2021-02-01,2021-11-15,146.0,146.0,288.0,0,0,,,False,True,True,,True,False
TeamB-4d54416a-8e5f-42c0-8dd0-12700569908f,TeamB,4d54416a-8e5f-42c0-8dd0-12700569908f,True,True,True,False,True,False,False,2021-07-03,2021-11-06,44.0,44.0,127.0,0,0,,,False,True,True,,True,False
TeamB-5a921187-19c7-8df4-8f4f-f31e78de5857,TeamB,5a921187-19c7-8df4-8f4f-f31e78de5857,True,True,True,False,True,False,False,2021-07-07,2021-11-12,47.0,47.0,129.0,0,0,,,False,True,True,,True,False
TeamB-5eba590a-cecb-400f-a92e-08224c7e2e59,TeamB,5eba590a-cecb-400f-a92e-08224c7e2e59,True,True,True,False,True,False,False,2021-02-01,2021-11-13,143.0,143.0,286.0,0,0,,,False,True,True,,True,False
TeamB-6d568bee-175f-4dcb-9d3a-0f3e8f35de07,TeamB,6d568bee-175f-4dcb-9d3a-0f3e8f35de07,True,True,True,False,True,False,False,2021-06-20,2021-11-13,72.0,72.0,147.0,0,0,,,False,True,True,,True,False
TeamB-70b74270-f655-43cc-a188-1ebc7a828b95,TeamB,70b74270-f655-43cc-a188-1ebc7a828b95,True,True,True,False,True,False,False,2020-06-01,2021-11-15,224.0,224.0,533.0,0,0,,,False,True,True,,True,False
TeamB-789547e7-1325-4153-a98d-5ecd497f3668,TeamB,789547e7-1325-4153-a98d-5ecd497f3668,True,True,True,False,True,False,False,2020-06-01,2021-10-31,239.0,239.0,518.0,0,0,,,False,True,True,,True,False
TeamB-7ab47f4e-6eca-4793-880f-6a0dad3459c3,TeamB,7ab47f4e-6eca-4793-880f-6a0dad3459c3,True,True,True,True,True,False,False,2021-02-01,2021-11-19,134.0,134.0,292.0,1,1,2021-10-05,2021-10-05,True,True,True,,True,False
TeamB-7d41e602-eece-328b-ff7b-118e820865d6,TeamB,7d41e602-eece-328b-ff7b-118e820865d6,True,True,True,False,True,False,False,2021-02-01,2021-11-15,128.0,128.0,288.0,0,0,,,False,True,True,,True,False
TeamB-9c845827-99f9-47f4-977d-2200a107a013,TeamB,9c845827-99f9-47f4-977d-2200a107a013,True,True,True,False,True,False,False,2020-09-24,2021-11-13,172.0,172.0,416.0,0,0,,,False,True,True,,True,False
TeamB-a7126274-c2d2-4f4e-9b67-35d376aefacc,TeamB,a7126274-c2d2-4f4e-9b67-35d376aefacc,True,True,True,False,True,False,False,2020-06-01,2021-10-27,132.0,132.0,514.0,0,0,,,False,True,True,,True,False
TeamB-ab5ec6e5-b0f3-401e-8dc5-aa6c5070e255,TeamB,ab5ec6e5-b0f3-401e-8dc5-aa6c5070e255,True,True,True,False,True,False,False,2020-07-21,2021-11-13,191.0,191.0,481.0,0,0,,,False,True,True,,True,False
TeamB-ab691983-3544-4a0e-8f70-db44d85cb907,TeamB,ab691983-3544-4a0e-8f70-db44d85cb907,True,True,True,False,True,False,False,2020-06-01,2021-11-13,229.0,229.0,531.0,0,0,,,False,True,True,,True,False
TeamB-afc13e53-2c77-48cb-8a78-743663bbb84f,TeamB,afc13e53-2c77-48cb-8a78-743663bbb84f,True,True,True,True,True,False,False,2020-06-01,2021-11-16,365.0,295.0,534.0,1,1,2020-01-26,2020-01-26,True,True,True,,True,True
TeamB-d9501f3a-aaa1-4311-8b8b-3a8d3f21480f,TeamB,d9501f3a-aaa1-4311-8b8b-3a8d3f21480f,True,True,True,False,True,False,False,2021-02-01,2021-11-13,109.0,109.0,286.0,0,0,,,False,True,True,,True,False
TeamB-e4321aef-964a-4fdd-88bd-0bd548b0e93b,TeamB,e4321aef-964a-4fdd-88bd-0bd548b0e93b,True,True,True,True,True,False,False,2020-06-01,2021-11-15,222.0,222.0,533.0,3,3,2020-01-14,2020-01-23,True,True,True,,True,True
TeamB-f67673c0-d467-4832-9519-55133a2647e5,TeamB,f67673c0-d467-4832-9519-55133a2647e5,True,True,True,False,True,False,False,2021-09-22,2021-11-12,19.0,19.0,52.0,0,0,,,False,True,True,,True,False
TeamA-0362cdd5-7a63-480a-a46a-62a99fb1692f,TeamA,0362cdd5-7a63-480a-a46a-62a99fb1692f,True,True,True,False,True,False,False,2021-06-19,2021-11-16,77.0,77.0,151.0,0,0,,,False,False,False,not_target_team,True,False
TeamA-12e0c8b2-bad6-40fb-1948-8dec4f65d4d9,TeamA,12e0c8b2-bad6-40fb-1948-8dec4f65d4d9,True,False,False,False,False,True,False,2020-06-22,2020-12-05,85.0,85.0,167.0,0,0,,,False,False,False,not_target_team;missing_subjective,True,False
TeamA-1846d424-c17c-6279-23c6-612f48268673,TeamA,1846d424-c17c-6279-23c6-612f48268673,True,False,False,False,False,True,False,2020-06-01,2020-12-03,110.0,110.0,186.0,0,0,,,False,False,False,not_target_team;missing_subjective,True,False
TeamA-23a7711a-8133-2876-37eb-dcd9e87a1613,TeamA,23a7711a-8133-2876-37eb-dcd9e87a1613,True,False,False,False,False,True,False,2020-06-01,2020-09-02,65.0,65.0,94.0,0,0,,,False,False,False,not_target_team;missing_subjective,True,False
TeamA-259f4329-e6f4-590b-9a16-4106cf6a659e,TeamA,259f4329-e6f4-590b-9a16-4106cf6a659e,True,False,False,False,False,True,False,2021-10-29,2021-10-29,1.0,1.0,1.0,0,0,,,False,False,False,not_target_team;missing_subjective,False,False
TeamA-2d44f941-2f24-4fc2-afa8-611a091f2e93,TeamA,2d44f941-2f24-4fc2-afa8-611a091f2e93,True,True,True,False,True,False,False,2020-06-01,2021-10-15,210.0,210.0,502.0,0,0,,,False,False,False,not_target_team,True,False
TeamA-32fed4b3-d7fc-482d-ba21-c46c58f015b5,TeamA,32fed4b3-d7fc-482d-ba21-c46c58f015b5,True,True,True,False,True,False,False,2020-06-01,2021-11-16,87.0,87.0,534.0,0,0,,,False,False,False,not_target_team,True,False
TeamA-358603ef-b3a3-46b5-b80a-ad64e06b6592,TeamA,358603ef-b3a3-46b5-b80a-ad64e06b6592,True,True,True,False,True,False,False,2020-07-03,2021-11-16,195.0,195.0,502.0,0,0,,,False,False,False,not_target_team,True,False
TeamA-3e5f6e2b-46b7-4890-84a9-3bbb2649af5a,TeamA,3e5f6e2b-46b7-4890-84a9-3bbb2649af5a,True,True,True,True,True,False,False,2020-06-01,2021-11-16,80.0,80.0,534.0,28,27,2020-03-21,2021-11-03,True,False,False,not_target_team,True,True
TeamA-4051bba7-1170-4c43-b912-8c38815a7625,TeamA,4051bba7-1170-4c43-b912-8c38815a7625,True,True,True,True,True,False,False,2020-06-01,2021-11-13,213.0,213.0,531.0,47,46,2020-03-21,2020-11-08,True,False,False,not_target_team,True,True
TeamA-4a84eb03-8d1f-d9b7-4d2b-9deb1beb3711,TeamA,4a84eb03-8d1f-d9b7-4d2b-9deb1beb3711,True,False,False,False,False,True,False,2021-06-08,2021-11-16,96.0,96.0,162.0,0,0,,,False,False,False,not_target_team;missing_subjective,True,False
TeamA-5487ce1e-af19-922a-d9b8-a714e61a441c,TeamA,5487ce1e-af19-922a-d9b8-a714e61a441c,True,False,False,False,False,True,False,2020-06-01,2020-07-29,27.0,27.0,59.0,0,0,,,False,False,False,not_target_team;missing_subjective,True,False
TeamA-560cb066-a8ae-412f-b09f-0d2a6aa0cf05,TeamA,560cb066-a8ae-412f-b09f-0d2a6aa0cf05,True,True,True,True,True,False,False,2020-06-02,2021-11-16,200.0,200.0,533.0,3,3,2020-04-29,2020-10-16,True,False,False,not_target_team,True,True
TeamA-5a3be598-2f51-426f-95a5-b63d1d7c1b43,TeamA,5a3be598-2f51-426f-95a5-b63d1d7c1b43,True,True,True,False,True,False,False,2020-06-01,2021-11-13,267.0,267.0,531.0,0,0,,,False,False,False,not_target_team,True,False
TeamA-5a5b135d-d146-4b4c-b3da-efcd4d203f95,TeamA,5a5b135d-d146-4b4c-b3da-efcd4d203f95,True,True,True,True,True,False,False,2020-06-09,2021-11-16,220.0,220.0,526.0,3,3,2020-06-26,2020-08-08,True,False,False,not_target_team,True,False
TeamA-5cd7a61b-88b2-46d2-94f8-5a0d4f682d93,TeamA,5cd7a61b-88b2-46d2-94f8-5a0d4f682d93,True,True,True,True,True,False,False,2020-06-01,2021-11-10,276.0,276.0,528.0,46,45,2020-03-20,2021-09-16,True,False,False,not_target_team,True,True
TeamA-67961019-dbb5-464b-839e-08e5896c2c42,TeamA,67961019-dbb5-464b-839e-08e5896c2c42,True,True,True,False,True,False,False,2020-06-10,2020-10-28,66.0,66.0,141.0,0,0,,,False,False,False,not_target_team,True,False
TeamA-705923a2-378f-4f8e-8a29-464837b88cdc,TeamA,705923a2-378f-4f8e-8a29-464837b88cdc,True,True,True,False,True,False,False,2020-06-24,2021-11-13,186.0,186.0,508.0,0,0,,,False,False,False,not_target_team,True,False
TeamA-74afe68c-f348-414c-9754-6d6f9df12587,TeamA,74afe68c-f348-414c-9754-6d6f9df12587,True,True,True,True,True,False,False,2020-06-01,2021-11-16,63.0,63.0,534.0,5,4,2020-03-22,2021-09-16,True,False,False,not_target_team,True,True
TeamA-78f2ae2c-caf7-47eb-9e84-521f7820182e,TeamA,78f2ae2c-caf7-47eb-9e84-521f7820182e,True,True,True,False,True,False,False,2020-06-01,2021-11-16,277.0,277.0,534.0,0,0,,,False,False,False,not_target_team,True,False
TeamA-7a0fe0d4-c3f7-4ba1-8210-2ee9354d331e,TeamA,7a0fe0d4-c3f7-4ba1-8210-2ee9354d331e,False,True,True,False,False,False,True,,,,,,0,0,,,False,False,False,not_target_team;missing_objective,False,False
TeamA-82a0cc6a-a398-4c89-b5fb-34bc4b53dbea,TeamA,82a0cc6a-a398-4c89-b5fb-34bc4b53dbea,True,True,True,True,True,False,False,2020-07-13,2021-11-16,132.0,132.0,492.0,1,1,2020-09-05,2020-09-05,True,False,False,not_target_team,True,False
TeamA-967090b2-87d4-476b-adba-56cfaf65ba87,TeamA,967090b2-87d4-476b-adba-56cfaf65ba87,False,True,True,False,False,False,True,,,,,,0,0,,,False,False,False,not_target_team;missing_objective,False,False
TeamA-af719df9-3e6c-4ad4-9e8e-0c0c45f4f76a,TeamA,af719df9-3e6c-4ad4-9e8e-0c0c45f4f76a,True,True,True,False,True,False,False,2020-06-01,2021-11-16,216.0,216.0,534.0,0,0,,,False,False,False,not_target_team,True,False
TeamA-affd6f1d-b364-4700-98bf-8f20896e5ac4,TeamA,affd6f1d-b364-4700-98bf-8f20896e5ac4,True,True,True,True,True,False,False,2020-09-28,2021-11-16,166.0,166.0,415.0,1,1,2020-03-20,2020-03-20,True,False,False,not_target_team,True,True
TeamA-b4862b21-fb97-d435-8856-1712e8e5216a,TeamA,b4862b21-fb97-d435-8856-1712e8e5216a,True,False,False,False,False,True,False,2020-06-01,2020-09-09,70.0,70.0,101.0,0,0,,,False,False,False,not_target_team;missing_subjective,True,False
TeamA-b58af410-da77-479e-b93c-e03617b9f36d,TeamA,b58af410-da77-479e-b93c-e03617b9f36d,True,True,True,True,True,False,False,2020-06-01,2021-11-16,264.0,264.0,534.0,1,1,2020-03-20,2020-03-20,True,False,False,not_target_team,True,True
TeamA-bcc03f81-2733-45d3-abf1-f7a709c63e68,TeamA,bcc03f81-2733-45d3-abf1-f7a709c63e68,True,True,True,True,True,False,False,2020-06-01,2021-11-16,270.0,270.0,534.0,8,8,2020-03-20,2020-04-15,True,False,False,not_target_team,True,True
TeamA-c4ccf1a6-48c3-4a17-8d6c-eedd12e8680e,TeamA,c4ccf1a6-48c3-4a17-8d6c-eedd12e8680e,True,True,True,True,True,False,False,2020-06-01,2021-11-16,261.0,261.0,534.0,8,8,2020-05-18,2021-01-27,True,False,False,not_target_team,True,True
TeamA-c91a44bb-976c-421f-b146-f57e1e5b0846,TeamA,c91a44bb-976c-421f-b146-f57e1e5b0846,True,True,True,False,True,False,False,2021-08-03,2021-11-16,54.0,54.0,106.0,0,0,,,False,False,False,not_target_team,True,False
TeamA-d7299614-fa73-4f69-b5e9-f913e3154ff6,TeamA,d7299614-fa73-4f69-b5e9-f913e3154ff6,True,True,True,False,True,False,False,2021-02-01,2021-07-28,68.0,68.0,178.0,0,0,,,False,False,False,not_target_team,True,False
TeamA-e3e70682-c209-4cac-629f-6fbed82c07cd,TeamA,e3e70682-c209-4cac-629f-6fbed82c07cd,True,False,False,False,False,True,False,2021-02-01,2021-03-01,3.0,3.0,29.0,0,0,,,False,False,False,not_target_team;missing_subjective,True,False
TeamA-e443df78-9558-867f-5ba9-1faf7a024204,TeamA,e443df78-9558-867f-5ba9-1faf7a024204,True,False,False,False,False,True,False,2021-11-16,2021-11-16,1.0,1.0,1.0,0,0,,,False,False,False,not_target_team;missing_subjective,False,False
TeamA-e920ae60-5c4b-4597-be27-fc6876dcec33,TeamA,e920ae60-5c4b-4597-be27-fc6876dcec33,True,True,True,False,True,False,False,2020-06-01,2021-11-13,102.0,102.0,531.0,0,0,,,False,False,False,not_target_team,True,False
TeamA-eb1167b3-67a9-c378-7c65-c1e582e2e662,TeamA,eb1167b3-67a9-c378-7c65-c1e582e2e662,True,False,False,False,False,True,False,2021-04-14,2021-11-13,106.0,106.0,214.0,0,0,,,False,False,False,not_target_team;missing_subjective,True,False
TeamA-ecdbd8ec-61a7-4131-97ec-3af76f621f65,TeamA,ecdbd8ec-61a7-4131-97ec-3af76f621f65,True,True,True,False,True,False,False,2020-06-01,2021-11-16,262.0,262.0,534.0,0,0,,,False,False,False,not_target_team,True,False
TeamA-f20565cc-df22-46a7-aa97-af8ed00601d7,TeamA,f20565cc-df22-46a7-aa97-af8ed00601d7,True,True,True,False,True,False,False,2020-06-01,2021-11-13,284.0,284.0,531.0,0,0,,,False,False,False,not_target_team,True,False
TeamA-f728b4fa-4248-5e3a-0a5d-2f346baa9455,TeamA,f728b4fa-4248-5e3a-0a5d-2f346baa9455,True,False,False,False,False,True,False,2020-06-01,2020-11-30,117.0,117.0,183.0,0,0,,,False,False,False,not_target_team;missing_subjective,True,False
TeamA-f7c1bd87-4da5-e709-d471-3d60c8a70639,TeamA,f7c1bd87-4da5-e709-d471-3d60c8a70639,True,False,False,False,False,True,False,2021-11-16,2021-11-16,1.0,1.0,1.0,0,0,,,False,False,False,not_target_team;missing_subjective,False,False
TeamA-fcbd04c3-4021-2ef7-cca5-a5a19e4d6e3c,TeamA,fcbd04c3-4021-2ef7-cca5-a5a19e4d6e3c,True,False,False,False,False,True,False,2021-03-19,2021-09-20,107.0,107.0,186.0,0,0,,,False,False,False,not_target_team;missing_subjective,True,False
TeamB-101fbccc-ded7-33e8-b421-eaeb534097ca,TeamB,101fbccc-ded7-33e8-b421-eaeb534097ca,True,False,False,False,False,True,False,2020-06-01,2020-12-13,95.0,95.0,196.0,0,0,,,False,True,False,missing_subjective,True,False
TeamB-1759edc3-72ae-2244-8b01-63c1cd9d2b7d,TeamB,1759edc3-72ae-2244-8b01-63c1cd9d2b7d,True,False,False,False,False,True,False,2021-08-05,2021-11-13,51.0,51.0,101.0,0,0,,,False,True,False,missing_subjective,True,False
TeamB-17e0aa3c-0398-3ca8-ea7e-9d498c778ea6,TeamB,17e0aa3c-0398-3ca8-ea7e-9d498c778ea6,True,False,False,False,False,True,False,2021-09-10,2021-10-02,11.0,11.0,23.0,0,0,,,False,True,False,missing_subjective,True,False
TeamB-247a8333-f7b0-b7d2-cda8-056c3d15eef7,TeamB,247a8333-f7b0-b7d2-cda8-056c3d15eef7,True,False,False,False,False,True,False,2020-06-01,2021-03-12,103.0,103.0,285.0,0,0,,,False,True,False,missing_subjective,True,False
TeamB-38c1962e-9148-624f-eac1-c14f30e9c5cc,TeamB,38c1962e-9148-624f-eac1-c14f30e9c5cc,True,False,False,False,False,True,False,2020-06-01,2020-12-12,93.0,93.0,195.0,0,0,,,False,True,False,missing_subjective,True,False
TeamB-552f233a-8c25-166a-1ff3-9849b4e1357d,TeamB,552f233a-8c25-166a-1ff3-9849b4e1357d,True,False,False,False,False,True,False,2021-05-25,2021-06-25,21.0,21.0,32.0,0,0,,,False,True,False,missing_subjective,True,False
TeamB-85776e9a-dd84-f39e-7154-5a137a1d5006,TeamB,85776e9a-dd84-f39e-7154-5a137a1d5006,True,False,False,False,False,True,False,2021-06-21,2021-11-24,65.0,65.0,157.0,0,0,,,False,True,False,missing_subjective,True,False
TeamB-8d723104-f773-83c1-3458-a748e9bb17bc,TeamB,8d723104-f773-83c1-3458-a748e9bb17bc,True,False,False,False,False,True,False,2020-06-01,2021-07-14,184.0,184.0,409.0,0,0,,,False,True,False,missing_subjective,True,False
TeamB-a0116be5-ab0c-1681-c8f8-e3d0d3290a4c,TeamB,a0116be5-ab0c-1681-c8f8-e3d0d3290a4c,True,False,False,False,False,True,False,2021-04-13,2021-05-24,25.0,25.0,42.0,0,0,,,False,True,False,missing_subjective,True,False
TeamB-a3f2c9bf-9c63-16b9-50f2-44556f25e2a2,TeamB,a3f2c9bf-9c63-16b9-50f2-44556f25e2a2,True,False,False,False,False,True,False,2020-06-01,2020-12-13,111.0,111.0,196.0,0,0,,,False,True,False,missing_subjective,True,False
TeamB-b5d32b16-6619-4cb1-d710-37d1b83e90ec,TeamB,b5d32b16-6619-4cb1-d710-37d1b83e90ec,True,False,False,False,False,True,False,2021-11-03,2021-11-13,7.0,7.0,11.0,0,0,,,False,True,False,missing_subjective,False,False
TeamB-baf3897a-3e70-f16a-5548-5822de1b372a,TeamB,baf3897a-3e70-f16a-5548-5822de1b372a,True,False,False,False,False,True,False,2020-06-02,2020-12-12,89.0,89.0,194.0,0,0,,,False,True,False,missing_subjective,True,False
TeamB-d3fbf47a-7e5b-1e7f-9ca5-499d004ae545,TeamB,d3fbf47a-7e5b-1e7f-9ca5-499d004ae545,True,False,False,False,False,True,False,2021-02-01,2021-11-18,148.0,137.0,291.0,0,0,,,False,True,False,missing_subjective,True,False
TeamB-e005b860-51ef-1922-fe43-c49e149818d1,TeamB,e005b860-51ef-1922-fe43-c49e149818d1,True,False,False,False,False,True,False,2020-06-16,2021-05-24,120.0,120.0,343.0,0,0,,,False,True,False,missing_subjective,True,False
TeamB-e1f63352-01cb-4688-9486-5c6f1e5cf0cd,TeamB,e1f63352-01cb-4688-9486-5c6f1e5cf0cd,False,True,True,False,False,False,True,,,,,,0,0,,,False,True,False,missing_objective,False,False
TeamB-eb2083e6-ce16-4dba-0ff1-8e0242af9fc3,TeamB,eb2083e6-ce16-4dba-0ff1-8e0242af9fc3,True,False,False,False,False,True,False,2020-06-01,2021-06-04,139.0,139.0,369.0,0,0,,,False,True,False,missing_subjective,True,False
