player_name,team,player_id,objective_first_date,objective_last_date,objective_calendar_span_days,objective_files,objective_active_days,objective_span_at_least_21d,first_injury_date,last_injury_date,injury_records,unique_injury_dates,injury_history_before_objective,include_in_deephit
TeamB-08e35b7b-d2ad-411f-a0de-4e663f14c3c3,TeamB,08e35b7b-d2ad-411f-a0de-4e663f14c3c3,2021-08-30,2021-10-30,62.0,22.0,22.0,True,,,0,0,False,True
TeamB-29c5271b-5c46-455e-91ea-da2abfa8ff3c,TeamB,29c5271b-5c46-455e-91ea-da2abfa8ff3c,2020-07-28,2021-11-15,476.0,192.0,192.0,True,,,0,0,False,True
TeamB-2f23d7d5-2326-49ce-b9c8-5a6303f785c5,TeamB,2f23d7d5-2326-49ce-b9c8-5a6303f785c5,2020-06-01,2021-11-15,533.0,230.0,230.0,True,,,0,0,False,True
TeamB-4405bb1f-56f7-48ba-bfa8-e795e4006952,TeamB,4405bb1f-56f7-48ba-bfa8-e795e4006952,2020-06-01,2021-11-12,530.0,242.0,242.0,True,2020-01-26,2020-02-07,6,4,True,True
TeamB-48bfd4ea-e9e2-45b5-befc-3383cae87fdf,TeamB,48bfd4ea-e9e2-45b5-befc-3383cae87fdf,2020-06-01,2021-09-29,486.0,226.0,226.0,True,,,0,0,False,True
TeamB-4b1e23d2-4204-4e16-9991-e0490649079b,TeamB,4b1e23d2-4204-4e16-9991-e0490649079b,2021-02-01,2021-11-15,288.0,146.0,146.0,True,,,0,0,False,True
TeamB-4d54416a-8e5f-42c0-8dd0-12700569908f,TeamB,4d54416a-8e5f-42c0-8dd0-12700569908f,2021-07-03,2021-11-06,127.0,44.0,44.0,True,,,0,0,False,True
TeamB-5a921187-19c7-8df4-8f4f-f31e78de5857,TeamB,5a921187-19c7-8df4-8f4f-f31e78de5857,2021-07-07,2021-11-12,129.0,47.0,47.0,True,,,0,0,False,True
TeamB-5eba590a-cecb-400f-a92e-08224c7e2e59,TeamB,5eba590a-cecb-400f-a92e-08224c7e2e59,2021-02-01,2021-11-13,286.0,143.0,143.0,True,,,0,0,False,True
TeamB-6d568bee-175f-4dcb-9d3a-0f3e8f35de07,TeamB,6d568bee-175f-4dcb-9d3a-0f3e8f35de07,2021-06-20,2021-11-13,147.0,72.0,72.0,True,,,0,0,False,True
TeamB-70b74270-f655-43cc-a188-1ebc7a828b95,TeamB,70b74270-f655-43cc-a188-1ebc7a828b95,2020-06-01,2021-11-15,533.0,224.0,224.0,True,,,0,0,False,True
TeamB-789547e7-1325-4153-a98d-5ecd497f3668,TeamB,789547e7-1325-4153-a98d-5ecd497f3668,2020-06-01,2021-10-31,518.0,239.0,239.0,True,,,0,0,False,True
TeamB-7ab47f4e-6eca-4793-880f-6a0dad3459c3,TeamB,7ab47f4e-6eca-4793-880f-6a0dad3459c3,2021-02-01,2021-11-19,292.0,134.0,134.0,True,2021-10-05,2021-10-05,1,1,False,True
TeamB-7d41e602-eece-328b-ff7b-118e820865d6,TeamB,7d41e602-eece-328b-ff7b-118e820865d6,2021-02-01,2021-11-15,288.0,128.0,128.0,True,,,0,0,False,True
TeamB-9c845827-99f9-47f4-977d-2200a107a013,TeamB,9c845827-99f9-47f4-977d-2200a107a013,2020-09-24,2021-11-13,416.0,172.0,172.0,True,,,0,0,False,True
TeamB-a7126274-c2d2-4f4e-9b67-35d376aefacc,TeamB,a7126274-c2d2-4f4e-9b67-35d376aefacc,2020-06-01,2021-10-27,514.0,132.0,132.0,True,,,0,0,False,True
TeamB-ab5ec6e5-b0f3-401e-8dc5-aa6c5070e255,TeamB,ab5ec6e5-b0f3-401e-8dc5-aa6c5070e255,2020-07-21,2021-11-13,481.0,191.0,191.0,True,,,0,0,False,True
TeamB-ab691983-3544-4a0e-8f70-db44d85cb907,TeamB,ab691983-3544-4a0e-8f70-db44d85cb907,2020-06-01,2021-11-13,531.0,229.0,229.0,True,,,0,0,False,True
TeamB-afc13e53-2c77-48cb-8a78-743663bbb84f,TeamB,afc13e53-2c77-48cb-8a78-743663bbb84f,2020-06-01,2021-11-16,534.0,365.0,295.0,True,2020-01-26,2020-01-26,1,1,True,True
TeamB-d9501f3a-aaa1-4311-8b8b-3a8d3f21480f,TeamB,d9501f3a-aaa1-4311-8b8b-3a8d3f21480f,2021-02-01,2021-11-13,286.0,109.0,109.0,True,,,0,0,False,True
TeamB-e4321aef-964a-4fdd-88bd-0bd548b0e93b,TeamB,e4321aef-964a-4fdd-88bd-0bd548b0e93b,2020-06-01,2021-11-15,533.0,222.0,222.0,True,2020-01-14,2020-01-23,3,3,True,True
TeamB-f67673c0-d467-4832-9519-55133a2647e5,TeamB,f67673c0-d467-4832-9519-55133a2647e5,2021-09-22,2021-11-12,52.0,19.0,19.0,True,,,0,0,False,True
TeamA-0362cdd5-7a63-480a-a46a-62a99fb1692f,TeamA,0362cdd5-7a63-480a-a46a-62a99fb1692f,2021-06-19,2021-11-16,151.0,77.0,77.0,True,,,0,0,False,False
TeamA-12e0c8b2-bad6-40fb-1948-8dec4f65d4d9,TeamA,12e0c8b2-bad6-40fb-1948-8dec4f65d4d9,2020-06-22,2020-12-05,167.0,85.0,85.0,True,,,0,0,False,False
TeamA-1846d424-c17c-6279-23c6-612f48268673,TeamA,1846d424-c17c-6279-23c6-612f48268673,2020-06-01,2020-12-03,186.0,110.0,110.0,True,,,0,0,False,False
TeamA-23a7711a-8133-2876-37eb-dcd9e87a1613,TeamA,23a7711a-8133-2876-37eb-dcd9e87a1613,2020-06-01,2020-09-02,94.0,65.0,65.0,True,,,0,0,False,False
TeamA-259f4329-e6f4-590b-9a16-4106cf6a659e,TeamA,259f4329-e6f4-590b-9a16-4106cf6a659e,2021-10-29,2021-10-29,1.0,1.0,1.0,False,,,0,0,False,False
TeamA-2d44f941-2f24-4fc2-afa8-611a091f2e93,TeamA,2d44f941-2f24-4fc2-afa8-611a091f2e93,2020-06-01,2021-10-15,502.0,210.0,210.0,True,,,0,0,False,False
TeamA-32fed4b3-d7fc-482d-ba21-c46c58f015b5,TeamA,32fed4b3-d7fc-482d-ba21-c46c58f015b5,2020-06-01,2021-11-16,534.0,87.0,87.0,True,,,0,0,False,False
TeamA-358603ef-b3a3-46b5-b80a-ad64e06b6592,TeamA,358603ef-b3a3-46b5-b80a-ad64e06b6592,2020-07-03,2021-11-16,502.0,195.0,195.0,True,,,0,0,False,False
TeamA-3e5f6e2b-46b7-4890-84a9-3bbb2649af5a,TeamA,3e5f6e2b-46b7-4890-84a9-3bbb2649af5a,2020-06-01,2021-11-16,534.0,80.0,80.0,True,2020-03-21,2021-11-03,28,27,True,False
TeamA-4051bba7-1170-4c43-b912-8c38815a7625,TeamA,4051bba7-1170-4c43-b912-8c38815a7625,2020-06-01,2021-11-13,531.0,213.0,213.0,True,2020-03-21,2020-11-08,47,46,True,False
TeamA-4a84eb03-8d1f-d9b7-4d2b-9deb1beb3711,TeamA,4a84eb03-8d1f-d9b7-4d2b-9deb1beb3711,2021-06-08,2021-11-16,162.0,96.0,96.0,True,,,0,0,False,False
TeamA-5487ce1e-af19-922a-d9b8-a714e61a441c,TeamA,5487ce1e-af19-922a-d9b8-a714e61a441c,2020-06-01,2020-07-29,59.0,27.0,27.0,True,,,0,0,False,False
TeamA-560cb066-a8ae-412f-b09f-0d2a6aa0cf05,TeamA,560cb066-a8ae-412f-b09f-0d2a6aa0cf05,2020-06-02,2021-11-16,533.0,200.0,200.0,True,2020-04-29,2020-10-16,3,3,True,False
TeamA-5a3be598-2f51-426f-95a5-b63d1d7c1b43,TeamA,5a3be598-2f51-426f-95a5-b63d1d7c1b43,2020-06-01,2021-11-13,531.0,267.0,267.0,True,,,0,0,False,False
TeamA-5a5b135d-d146-4b4c-b3da-efcd4d203f95,TeamA,5a5b135d-d146-4b4c-b3da-efcd4d203f95,2020-06-09,2021-11-16,526.0,220.0,220.0,True,2020-06-26,2020-08-08,3,3,False,False
TeamA-5cd7a61b-88b2-46d2-94f8-5a0d4f682d93,TeamA,5cd7a61b-88b2-46d2-94f8-5a0d4f682d93,2020-06-01,2021-11-10,528.0,276.0,276.0,True,2020-03-20,2021-09-16,46,45,True,False
TeamA-67961019-dbb5-464b-839e-08e5896c2c42,TeamA,67961019-dbb5-464b-839e-08e5896c2c42,2020-06-10,2020-10-28,141.0,66.0,66.0,True,,,0,0,False,False
TeamA-705923a2-378f-4f8e-8a29-464837b88cdc,TeamA,705923a2-378f-4f8e-8a29-464837b88cdc,2020-06-24,2021-11-13,508.0,186.0,186.0,True,,,0,0,False,False
TeamA-74afe68c-f348-414c-9754-6d6f9df12587,TeamA,74afe68c-f348-414c-9754-6d6f9df12587,2020-06-01,2021-11-16,534.0,63.0,63.0,True,2020-03-22,2021-09-16,5,4,True,False
TeamA-78f2ae2c-caf7-47eb-9e84-521f7820182e,TeamA,78f2ae2c-caf7-47eb-9e84-521f7820182e,2020-06-01,2021-11-16,534.0,277.0,277.0,True,,,0,0,False,False
TeamA-7a0fe0d4-c3f7-4ba1-8210-2ee9354d331e,TeamA,7a0fe0d4-c3f7-4ba1-8210-2ee9354d331e,,,,,,False,,,0,0,False,False
TeamA-82a0cc6a-a398-4c89-b5fb-34bc4b53dbea,TeamA,82a0cc6a-a398-4c89-b5fb-34bc4b53dbea,2020-07-13,2021-11-16,492.0,132.0,132.0,True,2020-09-05,2020-09-05,1,1,False,False
TeamA-967090b2-87d4-476b-adba-56cfaf65ba87,TeamA,967090b2-87d4-476b-adba-56cfaf65ba87,,,,,,False,,,0,0,False,False
TeamA-af719df9-3e6c-4ad4-9e8e-0c0c45f4f76a,TeamA,af719df9-3e6c-4ad4-9e8e-0c0c45f4f76a,2020-06-01,2021-11-16,534.0,216.0,216.0,True,,,0,0,False,False
TeamA-affd6f1d-b364-4700-98bf-8f20896e5ac4,TeamA,affd6f1d-b364-4700-98bf-8f20896e5ac4,2020-09-28,2021-11-16,415.0,166.0,166.0,True,2020-03-20,2020-03-20,1,1,True,False
TeamA-b4862b21-fb97-d435-8856-1712e8e5216a,TeamA,b4862b21-fb97-d435-8856-1712e8e5216a,2020-06-01,2020-09-09,101.0,70.0,70.0,True,,,0,0,False,False
TeamA-b58af410-da77-479e-b93c-e03617b9f36d,TeamA,b58af410-da77-479e-b93c-e03617b9f36d,2020-06-01,2021-11-16,534.0,264.0,264.0,True,2020-03-20,2020-03-20,1,1,True,False
TeamA-bcc03f81-2733-45d3-abf1-f7a709c63e68,TeamA,bcc03f81-2733-45d3-abf1-f7a709c63e68,2020-06-01,2021-11-16,534.0,270.0,270.0,True,2020-03-20,2020-04-15,8,8,True,False
TeamA-c4ccf1a6-48c3-4a17-8d6c-eedd12e8680e,TeamA,c4ccf1a6-48c3-4a17-8d6c-eedd12e8680e,2020-06-01,2021-11-16,534.0,261.0,261.0,True,2020-05-18,2021-01-27,8,8,True,False
TeamA-c91a44bb-976c-421f-b146-f57e1e5b0846,TeamA,c91a44bb-976c-421f-b146-f57e1e5b0846,2021-08-03,2021-11-16,106.0,54.0,54.0,True,,,0,0,False,False
TeamA-d7299614-fa73-4f69-b5e9-f913e3154ff6,TeamA,d7299614-fa73-4f69-b5e9-f913e3154ff6,2021-02-01,2021-07-28,178.0,68.0,68.0,True,,,0,0,False,False
TeamA-e3e70682-c209-4cac-629f-6fbed82c07cd,TeamA,e3e70682-c209-4cac-629f-6fbed82c07cd,2021-02-01,2021-03-01,29.0,3.0,3.0,True,,,0,0,False,False
TeamA-e443df78-9558-867f-5ba9-1faf7a024204,TeamA,e443df78-9558-867f-5ba9-1faf7a024204,2021-11-16,2021-11-16,1.0,1.0,1.0,False,,,0,0,False,False
TeamA-e920ae60-5c4b-4597-be27-fc6876dcec33,TeamA,e920ae60-5c4b-4597-be27-fc6876dcec33,2020-06-01,2021-11-13,531.0,102.0,102.0,True,,,0,0,False,False
TeamA-eb1167b3-67a9-c378-7c65-c1e582e2e662,TeamA,eb1167b3-67a9-c378-7c65-c1e582e2e662,2021-04-14,2021-11-13,214.0,106.0,106.0,True,,,0,0,False,False
TeamA-ecdbd8ec-61a7-4131-97ec-3af76f621f65,TeamA,ecdbd8ec-61a7-4131-97ec-3af76f621f65,2020-06-01,2021-11-16,534.0,262.0,262.0,True,,,0,0,False,False
TeamA-f20565cc-df22-46a7-aa97-af8ed00601d7,TeamA,f20565cc-df22-46a7-aa97-af8ed00601d7,2020-06-01,2021-11-13,531.0,284.0,284.0,True,,,0,0,False,False
TeamA-f728b4fa-4248-5e3a-0a5d-2f346baa9455,TeamA,f728b4fa-4248-5e3a-0a5d-2f346baa9455,2020-06-01,2020-11-30,183.0,117.0,117.0,True,,,0,0,False,False
TeamA-f7c1bd87-4da5-e709-d471-3d60c8a70639,TeamA,f7c1bd87-4da5-e709-d471-3d60c8a70639,2021-11-16,2021-11-16,1.0,1.0,1.0,False,,,0,0,False,False
TeamA-fcbd04c3-4021-2ef7-cca5-a5a19e4d6e3c,TeamA,fcbd04c3-4021-2ef7-cca5-a5a19e4d6e3c,2021-03-19,2021-09-20,186.0,107.0,107.0,True,,,0,0,False,False
TeamB-101fbccc-ded7-33e8-b421-eaeb534097ca,TeamB,101fbccc-ded7-33e8-b421-eaeb534097ca,2020-06-01,2020-12-13,196.0,95.0,95.0,True,,,0,0,False,False
TeamB-1759edc3-72ae-2244-8b01-63c1cd9d2b7d,TeamB,1759edc3-72ae-2244-8b01-63c1cd9d2b7d,2021-08-05,2021-11-13,101.0,51.0,51.0,True,,,0,0,False,False
TeamB-17e0aa3c-0398-3ca8-ea7e-9d498c778ea6,TeamB,17e0aa3c-0398-3ca8-ea7e-9d498c778ea6,2021-09-10,2021-10-02,23.0,11.0,11.0,True,,,0,0,False,False
TeamB-247a8333-f7b0-b7d2-cda8-056c3d15eef7,TeamB,247a8333-f7b0-b7d2-cda8-056c3d15eef7,2020-06-01,2021-03-12,285.0,103.0,103.0,True,,,0,0,False,False
TeamB-38c1962e-9148-624f-eac1-c14f30e9c5cc,TeamB,38c1962e-9148-624f-eac1-c14f30e9c5cc,2020-06-01,2020-12-12,195.0,93.0,93.0,True,,,0,0,False,False
TeamB-552f233a-8c25-166a-1ff3-9849b4e1357d,TeamB,552f233a-8c25-166a-1ff3-9849b4e1357d,2021-05-25,2021-06-25,32.0,21.0,21.0,True,,,0,0,False,False
TeamB-85776e9a-dd84-f39e-7154-5a137a1d5006,TeamB,85776e9a-dd84-f39e-7154-5a137a1d5006,2021-06-21,2021-11-24,157.0,65.0,65.0,True,,,0,0,False,False
TeamB-8d723104-f773-83c1-3458-a748e9bb17bc,TeamB,8d723104-f773-83c1-3458-a748e9bb17bc,2020-06-01,2021-07-14,409.0,184.0,184.0,True,,,0,0,False,False
TeamB-a0116be5-ab0c-1681-c8f8-e3d0d3290a4c,TeamB,a0116be5-ab0c-1681-c8f8-e3d0d3290a4c,2021-04-13,2021-05-24,42.0,25.0,25.0,True,,,0,0,False,False
TeamB-a3f2c9bf-9c63-16b9-50f2-44556f25e2a2,TeamB,a3f2c9bf-9c63-16b9-50f2-44556f25e2a2,2020-06-01,2020-12-13,196.0,111.0,111.0,True,,,0,0,False,False
TeamB-b5d32b16-6619-4cb1-d710-37d1b83e90ec,TeamB,b5d32b16-6619-4cb1-d710-37d1b83e90ec,2021-11-03,2021-11-13,11.0,7.0,7.0,False,,,0,0,False,False
TeamB-baf3897a-3e70-f16a-5548-5822de1b372a,TeamB,baf3897a-3e70-f16a-5548-5822de1b372a,2020-06-02,2020-12-12,194.0,89.0,89.0,True,,,0,0,False,False
TeamB-d3fbf47a-7e5b-1e7f-9ca5-499d004ae545,TeamB,d3fbf47a-7e5b-1e7f-9ca5-499d004ae545,2021-02-01,2021-11-18,291.0,148.0,137.0,True,,,0,0,False,False
TeamB-e005b860-51ef-1922-fe43-c49e149818d1,TeamB,e005b860-51ef-1922-fe43-c49e149818d1,2020-06-16,2021-05-24,343.0,120.0,120.0,True,,,0,0,False,False
TeamB-e1f63352-01cb-4688-9486-5c6f1e5cf0cd,TeamB,e1f63352-01cb-4688-9486-5c6f1e5cf0cd,,,,,,False,,,0,0,False,False
TeamB-eb2083e6-ce16-4dba-0ff1-8e0242af9fc3,TeamB,eb2083e6-ce16-4dba-0ff1-8e0242af9fc3,2020-06-01,2021-06-04,369.0,139.0,139.0,True,,,0,0,False,False
