player_name,team,candidate_injury_episodes,minor_episodes,major_episodes,unique_body_regions,first_episode_date,last_episode_date
TeamB-08e35b7b-d2ad-411f-a0de-4e663f14c3c3,TeamB,0,0,0,0,,
TeamB-29c5271b-5c46-455e-91ea-da2abfa8ff3c,TeamB,0,0,0,0,,
TeamB-2f23d7d5-2326-49ce-b9c8-5a6303f785c5,TeamB,0,0,0,0,,
TeamB-4405bb1f-56f7-48ba-bfa8-e795e4006952,TeamB,3,3,0,3,2020-01-26,2020-02-07
TeamB-48bfd4ea-e9e2-45b5-befc-3383cae87fdf,TeamB,0,0,0,0,,
TeamB-4b1e23d2-4204-4e16-9991-e0490649079b,TeamB,0,0,0,0,,
TeamB-4d54416a-8e5f-42c0-8dd0-12700569908f,TeamB,0,0,0,0,,
TeamB-5a921187-19c7-8df4-8f4f-f31e78de5857,TeamB,0,0,0,0,,
TeamB-5eba590a-cecb-400f-a92e-08224c7e2e59,TeamB,0,0,0,0,,
TeamB-6d568bee-175f-4dcb-9d3a-0f3e8f35de07,TeamB,0,0,0,0,,
TeamB-70b74270-f655-43cc-a188-1ebc7a828b95,TeamB,0,0,0,0,,
TeamB-789547e7-1325-4153-a98d-5ecd497f3668,TeamB,0,0,0,0,,
TeamB-7ab47f4e-6eca-4793-880f-6a0dad3459c3,TeamB,2,2,0,2,2021-10-05,2021-10-05
TeamB-7d41e602-eece-328b-ff7b-118e820865d6,TeamB,0,0,0,0,,
TeamB-9c845827-99f9-47f4-977d-2200a107a013,TeamB,0,0,0,0,,
TeamB-a7126274-c2d2-4f4e-9b67-35d376aefacc,TeamB,0,0,0,0,,
TeamB-ab5ec6e5-b0f3-401e-8dc5-aa6c5070e255,TeamB,0,0,0,0,,
TeamB-ab691983-3544-4a0e-8f70-db44d85cb907,TeamB,0,0,0,0,,
TeamB-afc13e53-2c77-48cb-8a78-743663bbb84f,TeamB,1,1,0,1,2020-01-26,2020-01-26
TeamB-d9501f3a-aaa1-4311-8b8b-3a8d3f21480f,TeamB,0,0,0,0,,
TeamB-e4321aef-964a-4fdd-88bd-0bd548b0e93b,TeamB,1,1,0,1,2020-01-14,2020-01-14
TeamB-f67673c0-d467-4832-9519-55133a2647e5,TeamB,0,0,0,0,,
