player_name,team,calendar_start,calendar_end,calendar_days,subjective_days,training_days,objective_days,all_three_days,any_data_days,injury_event_days,subjective_coverage,training_coverage,objective_coverage,all_three_coverage,any_data_coverage
TeamB-08e35b7b-d2ad-411f-a0de-4e663f14c3c3,TeamB,2021-08-30,2021-11-13,76,74,53,22,13,75,0,0.9736842105263158,0.6973684210526315,0.2894736842105263,0.17105263157894737,0.9868421052631579
TeamB-29c5271b-5c46-455e-91ea-da2abfa8ff3c,TeamB,2020-07-20,2021-11-15,484,215,200,190,98,305,0,0.44421487603305787,0.4132231404958678,0.3925619834710744,0.2024793388429752,0.6301652892561983
TeamB-2f23d7d5-2326-49ce-b9c8-5a6303f785c5,TeamB,2020-01-09,2021-11-15,677,480,363,230,182,534,0,0.7090103397341211,0.5361890694239291,0.3397341211225997,0.2688330871491876,0.7887740029542097
TeamB-4405bb1f-56f7-48ba-bfa8-e795e4006952,TeamB,2020-01-10,2021-11-12,673,463,315,241,164,503,3,0.687964338781575,0.46805349182763745,0.35809806835066865,0.2436849925705795,0.7473997028231798
TeamB-48bfd4ea-e9e2-45b5-befc-3383cae87fdf,TeamB,2020-02-17,2021-11-13,636,546,390,226,212,560,0,0.8584905660377359,0.6132075471698113,0.3553459119496855,0.3333333333333333,0.8805031446540881
TeamB-4b1e23d2-4204-4e16-9991-e0490649079b,TeamB,2021-02-01,2021-11-15,288,124,60,145,46,166,0,0.4305555555555556,0.20833333333333334,0.5034722222222222,0.1597222222222222,0.5763888888888888
TeamB-4d54416a-8e5f-42c0-8dd0-12700569908f,TeamB,2020-01-09,2021-11-12,674,140,85,41,28,152,0,0.20771513353115728,0.1261127596439169,0.06083086053412463,0.04154302670623145,0.22551928783382788
TeamB-5a921187-19c7-8df4-8f4f-f31e78de5857,TeamB,2021-07-07,2021-11-15,132,72,32,47,22,86,0,0.5454545454545454,0.24242424242424243,0.3560606060606061,0.16666666666666666,0.6515151515151515
TeamB-5eba590a-cecb-400f-a92e-08224c7e2e59,TeamB,2021-01-11,2021-11-13,307,148,95,141,55,197,0,0.4820846905537459,0.30944625407166126,0.4592833876221498,0.1791530944625407,0.6416938110749185
TeamB-6d568bee-175f-4dcb-9d3a-0f3e8f35de07,TeamB,2021-06-20,2021-11-13,147,96,56,72,45,118,0,0.6530612244897959,0.38095238095238093,0.4897959183673469,0.30612244897959184,0.8027210884353742
TeamB-70b74270-f655-43cc-a188-1ebc7a828b95,TeamB,2020-01-09,2021-11-15,677,522,379,223,180,547,0,0.7710487444608567,0.5598227474150664,0.3293943870014771,0.2658788774002954,0.8079763663220089
TeamB-789547e7-1325-4153-a98d-5ecd497f3668,TeamB,2020-01-09,2021-11-11,673,547,387,239,207,567,0,0.812778603268945,0.575037147102526,0.3551263001485884,0.3075780089153046,0.8424962852897474
TeamB-7ab47f4e-6eca-4793-880f-6a0dad3459c3,TeamB,2020-01-21,2021-11-19,669,130,86,133,21,232,1,0.19431988041853512,0.12855007473841554,0.19880418535127056,0.03139013452914798,0.34678624813153963
TeamB-7d41e602-eece-328b-ff7b-118e820865d6,TeamB,2021-01-11,2021-11-16,310,306,265,126,122,310,0,0.9870967741935484,0.8548387096774194,0.4064516129032258,0.3935483870967742,1.0
TeamB-9c845827-99f9-47f4-977d-2200a107a013,TeamB,2020-09-24,2021-11-13,416,23,8,168,3,175,0,0.055288461538461536,0.019230769230769232,0.40384615384615385,0.007211538461538462,0.4206730769230769
TeamB-a7126274-c2d2-4f4e-9b67-35d376aefacc,TeamB,2020-01-23,2021-10-27,644,132,108,130,19,259,0,0.20496894409937888,0.16770186335403728,0.20186335403726707,0.029503105590062112,0.40217391304347827
TeamB-ab5ec6e5-b0f3-401e-8dc5-aa6c5070e255,TeamB,2020-02-03,2021-11-13,650,416,295,190,147,447,0,0.64,0.45384615384615384,0.2923076923076923,0.22615384615384615,0.6876923076923077
TeamB-ab691983-3544-4a0e-8f70-db44d85cb907,TeamB,2020-02-20,2021-12-27,677,306,345,229,137,434,0,0.4519940915805022,0.5096011816838996,0.33825701624815363,0.20236336779911374,0.6410635155096012
TeamB-afc13e53-2c77-48cb-8a78-743663bbb84f,TeamB,2020-01-09,2021-11-16,678,489,450,293,204,586,1,0.7212389380530974,0.6637168141592921,0.43215339233038347,0.3008849557522124,0.8643067846607669
TeamB-d9501f3a-aaa1-4311-8b8b-3a8d3f21480f,TeamB,2021-01-17,2021-11-13,301,61,45,108,14,141,0,0.2026578073089701,0.14950166112956811,0.3588039867109635,0.046511627906976744,0.4684385382059801
TeamB-e4321aef-964a-4fdd-88bd-0bd548b0e93b,TeamB,2020-01-14,2021-11-15,672,565,488,222,197,614,1,0.8407738095238095,0.7261904761904762,0.33035714285714285,0.2931547619047619,0.9136904761904762
TeamB-f67673c0-d467-4832-9519-55133a2647e5,TeamB,2020-02-01,2021-11-12,651,76,68,19,17,89,0,0.11674347158218126,0.10445468509984639,0.029185867895545316,0.026113671274961597,0.13671274961597543
