player_name,team,first_session_date,last_session_date,session_days,session_records,multi_session_days
TeamB-08e35b7b-d2ad-411f-a0de-4e663f14c3c3,TeamB,2021-08-30,2021-11-12,53,62,9
TeamB-29c5271b-5c46-455e-91ea-da2abfa8ff3c,TeamB,2020-07-20,2021-11-08,200,229,29
TeamB-2f23d7d5-2326-49ce-b9c8-5a6303f785c5,TeamB,2020-01-09,2021-11-03,363,401,38
TeamB-4405bb1f-56f7-48ba-bfa8-e795e4006952,TeamB,2020-01-13,2021-10-17,315,340,24
TeamB-48bfd4ea-e9e2-45b5-befc-3383cae87fdf,TeamB,2020-02-17,2021-11-12,390,456,62
TeamB-4b1e23d2-4204-4e16-9991-e0490649079b,TeamB,2021-02-12,2021-10-06,60,62,2
TeamB-4d54416a-8e5f-42c0-8dd0-12700569908f,TeamB,2020-01-09,2021-11-11,85,96,11
TeamB-5a921187-19c7-8df4-8f4f-f31e78de5857,TeamB,2021-07-07,2021-11-03,32,32,0
TeamB-5eba590a-cecb-400f-a92e-08224c7e2e59,TeamB,2021-01-11,2021-08-21,95,122,27
TeamB-6d568bee-175f-4dcb-9d3a-0f3e8f35de07,TeamB,2021-08-10,2021-11-10,56,61,3
TeamB-70b74270-f655-43cc-a188-1ebc7a828b95,TeamB,2020-01-09,2021-10-29,379,417,38
TeamB-789547e7-1325-4153-a98d-5ecd497f3668,TeamB,2020-01-09,2021-11-10,387,424,35
TeamB-7ab47f4e-6eca-4793-880f-6a0dad3459c3,TeamB,2020-01-21,2021-11-04,86,94,8
TeamB-7d41e602-eece-328b-ff7b-118e820865d6,TeamB,2021-01-11,2021-11-15,265,341,73
TeamB-9c845827-99f9-47f4-977d-2200a107a013,TeamB,2020-10-01,2021-03-11,8,8,0
TeamB-a7126274-c2d2-4f4e-9b67-35d376aefacc,TeamB,2020-01-23,2021-01-22,108,110,2
TeamB-ab5ec6e5-b0f3-401e-8dc5-aa6c5070e255,TeamB,2020-02-03,2021-10-16,295,339,44
TeamB-ab691983-3544-4a0e-8f70-db44d85cb907,TeamB,2020-02-20,2021-12-27,345,377,32
TeamB-afc13e53-2c77-48cb-8a78-743663bbb84f,TeamB,2020-01-09,2021-11-10,450,549,89
TeamB-d9501f3a-aaa1-4311-8b8b-3a8d3f21480f,TeamB,2021-01-17,2021-08-28,45,47,2
TeamB-e4321aef-964a-4fdd-88bd-0bd548b0e93b,TeamB,2020-01-14,2021-11-12,488,525,37
TeamB-f67673c0-d467-4832-9519-55133a2647e5,TeamB,2020-02-01,2021-11-12,68,95,24
